term,frequency,example_headline_1,example_headline_2,in_vader_lexicon,selected_for_custom_lexicon
buy,15776,Is AbbVie's Stock a Buy?,Better Buy: Abbott Laboratories vs. Pfizer,False,True
earnings,11773,AbbVie Inc (ABBV) Q4 2019 Earnings Call Transcript,AbbVie Reports Estimate-Beating Fourth-Quarter Earnings Results,False,False
you,7220,"Buffett Owns Teva Stock, But Should You?",Could This Cancer Drug Developer’s Stock Make You Rich?,False,False
market,6858,From JP Morgan Healthcare Conference: AbbVie CEO Sees Humira Continuing To Grow In US Through The Time It Loses Market Exclusivity,3 Value Stocks to Buy if the Stock Market Implodes,False,False
etf,6813,"NOBL, TGT, ABBV, ADM: Large Inflows Detected at ETF",Insiders Buy the Holdings of DHS ETF,False,False
dividend,6698,3 High-Yield Dividend Stocks I'd Buy Right Now,"Beyond the Growing Dividend, Abbvie Stock Is a Good Buy Here",False,True
should,5960,5 Key Things Investors Should Look Forward to With AbbVie in 2020,"Buffett Owns Teva Stock, But Should You?",False,False
know,3979,AbbVie (ABBV) Stock Sinks As Market Gains: What You Should Know,"Know These 3 Facts to Avoid Paying Half Your Retirement Income to the IRS - March 18, 2020",False,False
investors,3942,5 Key Things Investors Should Look Forward to With AbbVie in 2020,3 Growth Stocks for Low Risk Investors,False,False
oil,3401,"Shares of several healthcare companies are trading lower with the overall market on continued downward momentum after oil prices fell to historic lows, partially stemming from weak demand caused by the coronavirus pandemic.","BUZZ-U.S. STOCKS ON THE MOVE-Airlines, banks, oil stocks, Co-Diagnostics",False,False
these,3206,"Know These 3 Facts to Avoid Paying Half Your Retirement Income to the IRS - March 18, 2020","Improve Your Retirement Income with These 3 Top-Ranked Dividend Stocks - March 18, 2020",False,False
higher,3150,AbbVie shares are trading higher after the company announced Allergan entered into definitive agreements to divest brazikumab and Zenpep. The agreements are apart of the approval process for AbbVie's acquisition of Allergan.,AbbVie shares are trading higher after the company reported better-than-expected Q4 EPS and sales results. The company also issued FY20 EPS guidance above analyst estimates and sales growth of ~8%.,False,False
amd,3150,"5 Top Stock Trades for Thursday: AMD, NVDA, FB, QCOM, ABBV","SPYG, FB, ABT, AMD: Large Inflows Detected at ETF",False,False
street,3066,Signs of Coronavirus Slowdown Pep Up Wall Street: 5 Winners,"Franklin Street Advisors Inc Buys Clorox Co, Accenture PLC, AbbVie Inc, Sells Constellation ...",False,False
big,3062,"IWM, RNDV: Big ETF Outflows",Invesco S&P Ultra Dividend Revenue ETF Experiences Big Inflow,False,False
estimates,3058,AbbVie Q4 adjusted earnings Beat Estimates,AbbVie shares are trading higher after the company reported better-than-expected Q4 EPS and sales results. The company also issued FY20 EPS guidance above analyst estimates and sales growth of ~8%.,False,False
right,3019,3 High-Yield Dividend Stocks I'd Buy Right Now,3 Top Healthcare Stocks to Buy Right Now,False,False
option,2837,"Notable Tuesday Option Activity: COF, ABBV, HBI","Notable Thursday Option Activity: ABBV, EBAY, MED",False,False
inc,2812,AbbVie Inc (ABBV) Q4 2019 Earnings Call Transcript,"Spirit Of America Management Corp Buys Hess Midstream Operations LP, Blackstone Group Inc, TC ...",False,False
fundamental,2783,Validea Daily Guru Fundamental Report for ABBV - 2/16/2023,Validea Guru Fundamental Report for ABBV - 2/22/2023,False,False
activity,2734,"Notable Tuesday Option Activity: COF, ABBV, HBI","Notable Thursday Option Activity: ABBV, EBAY, MED",False,False
stocks-wall,2604,"US STOCKS-Wall St slumps as tech stocks slide, COVID cases jump","US STOCKS-Wall Street ends lower, weighed down by Apple",False,False
tech,2499,Coronavirus-Fighting Tech Makes iBio Stock an Interesting Play,"BUZZ-U.S. STOCKS ON THE MOVE-Jernigan Capital, Keurig Dr Pepper, Spirit AeroSystems, Tyme Tech",False,False
wall,2463,Signs of Coronavirus Slowdown Pep Up Wall Street: 5 Winners,AbbVie (ABBV) Reports Next Week: Wall Street Expects Earnings Growth,False,False
your,2416,5 Ways to Make Your Money Work for You,"How Trading Your Own Retirement Can Fleece Your Financial Future - March 17, 2020",False,False
options,2412,March 13th Options Now Available For AbbVie (ABBV),April 9th Options Now Available For AbbVie (ABBV),False,False
trading,2376,AbbVie shares are trading higher after the company announced Allergan entered into definitive agreements to divest brazikumab and Zenpep. The agreements are apart of the approval process for AbbVie's acquisition of Allergan.,AbbVie shares are trading higher after the company reported better-than-expected Q4 EPS and sales results. The company also issued FY20 EPS guidance above analyst estimates and sales growth of ~8%.,False,False
movers,2292,"S&P 500 Movers: NRG, DOW","S&P 500 Movers: ALGN, META",False,False
coronavirus,2286,"'China testing HIV drug as treatment for new coronavirus, AbbVie says' -Reuters",Gilead's Ebola Drug Shows Positive Signs in Treating Coronavirus,False,False
analyst,2258,AbbVie shares are trading higher after the company reported better-than-expected Q4 EPS and sales results. The company also issued FY20 EPS guidance above analyst estimates and sales growth of ~8%.,AbbVie Reaches Analyst Target Price,False,False
buys,2238,Top Insider Buys Highlight for the Week of March 6,"DZ BANK AG Deutsche Zentral Genossenschafts Bank, Buys Bank of America Corp, The Walt Disney ...",False,True
data,2159,Gilead Sciences’ Remdesivir Data Release Brings Much Needed Relief for Patients and Investors,Earnings Data Deluge,False,False
noteworthy,2126,"Noteworthy ETF Outflows: IWF, ABBV, COST, NKE","Noteworthy ETF Outflows: VT, HON, ABBV, LLY",False,False
notable,2113,"Notable Tuesday Option Activity: COF, ABBV, HBI","Notable Thursday Option Activity: ABBV, EBAY, MED",False,False
beat,2079,AbbVie Q4 adjusted earnings Beat Estimates,"AbbVie Q4 EPS $2.21 Beats $2.19 Estimate, Sales $8.704B Beat $8.7B Estimate",False,True
guru,2023,Validea Daily Guru Fundamental Report for ABBV - 2/16/2023,Validea Guru Fundamental Report for ABBV - 2/22/2023,False,False
call,1960,AbbVie Inc (ABBV) Q4 2019 Earnings Call Transcript,AbbVie Q4 19 Earnings Conference Call At 9:00 AM ET,False,False
set,1910,DexCom & Domino's Pizza Set to Join S&P 5……; Salesforce. ...,US STOCKS-Wall Street set to recover from sharp weekly losses,False,False
invest,1896,3 Dividend Stocks Ideal for Retirees With Money To Invest In The Bear Market,"Have $1,000 to Invest? 3 Great High-Yield Dividend Stocks to Buy Right Now",False,False
nasdaq,1836,"FDA Nod For EPZM, RARE, Court Rules In MYL's Favor, Ocuphire To Hop Onto Nasdaq, ALPN Soars","US STOCKS-Apple, Amazon set to knock S&P 500, Nasdaq off record peak",False,False
companies,1813,3 High-Yielding U.S. Pharmaceutical Companies to Consider,Pharmaceutical Companies Gain in the Fight Against Covid-–9,False,False
down,1799,Biogen (BIIB) Stock Down Despite Q1 Earnings & Sales Beat,"ImmunoGen (IMGN) Q1 Earnings and Sales Miss, Shares Down",False,False
watch,1798,5 High-Yield Dividend Stocks to Watch in the Coronavirus Sell-Off,Stocks To Watch: AbbVie Sees Relative Strength Rating Jump To 83,False,False
zacks,1764,"The Zacks Analyst Blog Highlights: Macy's, AbbVie, Pfizer and New Residential Investment","Agilysys, Manpower, Eli Lilly and Company, Innoviva and AbbVie highlighted as Zacks Bull and Bear of the Day",False,False
intc,1764,"After Hours Most Active for Mar 17, 2023 : LUMN, F, HBI, ABBV, IBM, PEB, INTC, GOOG, AAPL, HBAN, AMZN, VSAT","After Hours Most Active for Jul 7, 2023 : INTC, AAPL, BAC, KO, TLT, QQQ, GOOGL, PLTR, RIVN, ABBV, HL, RLJ",False,False
here's,1756,Here's Why Editas Could Beat Intellia to a CRISPR Therapy,Here's Exactly Why Warren Buffett Loaded Up on Big Pharma Stocks,False,False
warren,1744,Here Are the Stocks Warren Buffett Has Been Buying and Selling,Warren Buffett Bought 4 Pharma Giants in Q3,False,False
price,1739,"Mizuho Initiates Coverage On AbbVie with Buy Rating, Announces $96 Price Target","UPDATE: Mizuho Initiates Coverage On AbbVie with Buy Rating, Announces $96 Price Target As Firm Notes The 'Allergan Acquisition Brings In Multiple New Growth Drivers and Helps Mitigate Humira Erosion.'",False,False
bank,1730,"DZ BANK AG Deutsche Zentral Genossenschafts Bank, Buys Bank of America Corp, The Walt Disney ...","Regions Financial Corp Buys Truist Financial Corp, Royal Bank of Canada, Johnson & Johnson, ...",False,False
global,1694,AbbVie To Create New Global Business Upon Completion Of Allergan Acquisition,Abbvie Says Partnering With Global Authorities To Determine Efficacy Of HIV Drug In Treating COVID-19,False,False
target,1684,"Mizuho Initiates Coverage On AbbVie with Buy Rating, Announces $96 Price Target","UPDATE: Mizuho Initiates Coverage On AbbVie with Buy Rating, Announces $96 Price Target As Firm Notes The 'Allergan Acquisition Brings In Multiple New Growth Drivers and Helps Mitigate Humira Erosion.'",False,False
analysis,1645,AbbVie: 4-year Follow-up Analysis Of Phase 3 Venetoclax Trial Continues To Show Longer PFS In CLL,AbbVie: New Analysis Show RINVOQ's Potential To Alleviate Itch And Rash In Atopic Dermatitis,False,False
deal,1626,"AbbVie, Allergan Receive Final Europan Approval To Close Deal","AbbVie, Allergan Report Signing Of Consent Decree Deal With FTC Staff Related To Deal",False,False
covid,1620,Abbvie Says Partnering With Global Authorities To Determine Efficacy Of HIV Drug In Treating COVID-19,AbbVie Partnering with Global Authorities to Determine Efficacy of HIV Drug in Treating COVID-–9,False,False
detected,1619,"NOBL, TGT, ABBV, ADM: Large Inflows Detected at ETF","IVW, ABBV, CHTR, COST: Large Outflows Detected at ETF",False,False
hold,1598,7 Biotech Stocks to Buy and Hold in 2020,Societe Generale Downgrades AbbVie to Hold,False,False
buffett,1576,"Buffett Owns Teva Stock, But Should You?",Here Are the Stocks Warren Buffett Has Been Buying and Selling,False,False
buzz-u,1552,"BUZZ-U.S. STOCKS ON THE MOVE-DuPont, Occidental Petroleum, Safe-T Group","BUZZ-U.S. STOCKS ON THE MOVE-Co-Diagnostics, Xeris Pharma, Cyclacel Pharma",False,False
high,1544,High Drug Prices Remains a Top Issue in Democratic Debates,Insiders Were Right: ABBV Makes New 52-Week High,False,False
income,1507,"Know These 3 Facts to Avoid Paying Half Your Retirement Income to the IRS - March 18, 2020","Improve Your Retirement Income with These 3 Top-Ranked Dividend Stocks - March 18, 2020",False,False
financial,1488,"How Trading Your Own Retirement Can Fleece Your Financial Future - March 17, 2020","Verity & Verity, LLC Buys Truist Financial Corp, Gilead Sciences Inc, JM Smucker Co, Sells ...",False,False
fed,1473,"Walgreens fed opioid addiction, Florida says as trial starts",US STOCKS-Wall St edges lower on Fed fears; Tyson Foods slides,False,False
company,1472,AbbVie shares are trading higher after the company announced Allergan entered into definitive agreements to divest brazikumab and Zenpep. The agreements are apart of the approval process for AbbVie's acquisition of Allergan.,AbbVie shares are trading higher after the company reported better-than-expected Q4 EPS and sales results. The company also issued FY20 EPS guidance above analyst estimates and sales growth of ~8%.,False,False
highlights,1470,"The Zacks Analyst Blog Highlights: Macy's, AbbVie, Pfizer and New Residential Investment","The Zacks Analyst Blog Highlights: Procter & Gamble, AbbVie, QUALCOMM, PepsiCo and CME Group",False,False
dis,1434,"Notable Tuesday Option Activity: ADM, DIS, ABBV","OEF, PFE, DIS, ABT: ETF Inflow Alert",False,False
rise,1425,AbbVie Beats Q1 Estimates as U.S. Humira Sales Rise 13.7%,"US STOCKS-Energy, financials help Wall Street rise from bruising week",False,False
chip,1417,Should You Buy This Blue Chip Biotech Stock?,"Finally, a Reasonable Price For This Healthcare Blue Chip",False,False
sales,1384,From JP Morgan Healthcare Conference: AbbVie CEO Sees Humira Sales Starting To Slow Heading Into FY22,"AbbVie Q4 EPS $2.21 Beats $2.19 Estimate, Sales $8.704B Beat $8.7B Estimate",False,False
corp,1377,"DZ BANK AG Deutsche Zentral Genossenschafts Bank, Buys Bank of America Corp, The Walt Disney ...","Spirit Of America Management Corp Buys Hess Midstream Operations LP, Blackstone Group Inc, TC ...",False,False
maintains,1350,"Mizuho Maintains Buy on AbbVie, Raises Price Target to $104","Cowen & Co. Maintains Outperform on AbbVie, Raises Price Target to $105",False,False
results,1305,AbbVie Reports Successful Trial Results for Arthritis Drug,AbbVie Reports Estimate-Beating Fourth-Quarter Earnings Results,False,False
markets,1301,"Despite Buffett Bullishness, Stock Markets Are Falling",3 Solid Stocks That Can Be Smart Picks Even in Choppy Markets,False,False
portfolio,1278,Why AbbVie (ABBV) is a Top Dividend Stock for Your Portfolio,"Aldebaran Financial Inc. Buys SPDR Portfolio Developed World ex-US, Essential Utilities Inc, ...",False,False
open,1258,"Stocks Climb Before the Open as Investors Await Key U.S. GDP Data, Meta Results Boost Sentiment",Stocks Set to Open Lower as Investors Await Key U.S. Inflation Data and Big Tech Earnings,False,False
electric,1253,"Pearl River Capital, LLC Buys American Electric Power Co Inc, Goldman Sachs Group Inc, ...","What Does 2023 Have in Store for Growth Stocks, Electric Vehicles, and More?",False,False
banks,1251,"BUZZ-U.S. STOCKS ON THE MOVE-Airlines, banks, oil stocks, Co-Diagnostics","Buffett’s Berkshire Hathaway Buys New Stakes in Vaccine Makers, Cuts Banks",False,False
nvda,1246,"5 Top Stock Trades for Thursday: AMD, NVDA, FB, QCOM, ABBV","Noteworthy Thursday Option Activity: NFLX, NVDA, ABT",False,False
inflow,1231,Invesco S&P Ultra Dividend Revenue ETF Experiences Big Inflow,iShares Russell Top 200 Growth ETF Experiences Big Inflow,False,True
bln,1228,"Sosei, AbbVie sign drug discovery deal worth up to $1 bln",Boehringer gets into 'guided-missile drugs' with $1.5 bln deal for NBE,False,False
inflation,1223,1 Dividend Stock to Help You Fight Inflation,2 Great Dividend Stocks to Buy Now to Help Tackle Inflation,False,False
technology,1217,Top-Notch Vaccine Technology Makes iBio Stock a Smart Bet,"Standard Life Aberdeen plc Buys New Oriental Education & Technology Group Inc, MercadoLibre ...",False,False
semiconductor,1212,"Shares of companies in the software, technology and semiconductor spaces are trading lower as continued coronavirus fears cause weakness across sectors.","Shares of several technology, semiconductor, and software companies are trading lower as global markets continue to experience volatility amid the coronavirus spread.",False,False
jones,1204,Beat the Dow Jones With This Unstoppable Dividend Stock,"After a 13-Day Winning Streak, the Dow Jones Moves Lower",False,False
wmt,1192,"4 Top Stock Trades for Wednesday: LVGO, WMT, ABBV, NVAX","Daily Dividend Report: MTB,SHW,WMT,WCN,HUM,ABBV",False,False
consumer,1185,17 Consumer Groups and Unions Ask FTC to Block AbbVie's Acquisition of Allergan,"Pharma Stock Roundup: GSK's Consumer Unit Offer Rejection, FDA Updates for AZN, PFE",False,False
sachs,1180,AbbVie To Present At Virtual Goldman Sachs Global Healthcare Conference; Webcast At 10:30 AM ET,AbbVie To Present At The Goldman Sachs Global Healthcare Conference; Webcast At 9:40 AM ET,False,False
buying,1177,You Won't Regret Buying These 3 Bargain Stocks,"Monday 3/30 Insider Buying Report: ABBV, NKE",False,True
china,1174,"'China testing HIV drug as treatment for new coronavirus, AbbVie says' -Reuters","In a first, China knocks U.S. from top spot in global patent race",False,False
revenues,1171,"Reata's (RETA) Q4 Earnings Miss Mark, Revenues Decline Y/Y",Eli Lilly (LLY) Q1 Earnings and Revenues Top Estimates,False,False
what's,1169,How Allergan Beat Estimates in What's Likely Its Last Quarterly Update,Allergan (AGN) to Report Q1 Earnings: What's in the Cards?,False,False
fargo,1153,Wells Fargo Maintains Abbvie (ABBV) Overweight Recommendation,"BUZZ-U.S. STOCKS ON THE MOVE-Netflix, Wells Fargo, Tesla, BofA, J.C. Penny, Noble Energy",False,False
first,1140,"In a first, China knocks U.S. from top spot in global patent race","Harpoon Therapeutics Doses First Patient with HPN217, a BCMA Targeting TriTAC, for Multiple Myeloma, Triggering a $50M Milestone Payment from AbbVie",False,False
just,1137,Inovio’s Surge on a Coronavirus Vaccine Was Just Speculation,AbbVie Is More Than Just a Portfolio of Drugs and Acquisitions,False,False
outflow,1131,"IVV, MDT, ABBV, PYPL: ETF Outflow Alert",iShares Edge MSCI USA Momentum Factor ETF Experiences Big Outflow,False,True
ups,1128,"Biogen (BIIB) Beats on Q2 Earnings & Sales, Ups 2022 Guidance",UnitedHealth ups profit view as lower medical costs drive quarterly beat,False,False
large,1120,"NOBL, TGT, ABBV, ADM: Large Inflows Detected at ETF",Buy this High-Yield Large Cap Pharma Stock for Income Amid Coronavirus,False,False
time,1110,From JP Morgan Healthcare Conference: AbbVie CEO Sees Humira Continuing To Grow In US Through The Time It Loses Market Exclusivity,It's Decision Time Next Week,False,False
stanley,1105,"UPDATE: Morgan Stanley Reinstates Abbvie With Overweight, $95 Target Notes 'We view Humira erosion fears as overly discounted and Abbvie's prospects as underappreciated'","Morgan Stanley Reinstates Overweight on AbbVie, Announces $95 Price Target",False,False
american,1100,"Cohen Lawrence B Buys American Tower Corp, NextEra Energy Inc, Bristol-Myers Squibb Company, ...","Ex-Dividend Reminder: AbbVie, American Financial Group and Pennymac Mortgage Investment Trust",False,False
reasons,1097,3 Reasons AbbVie Is a Better Bargain Than You Might Think,"Is AbbVie (ABBV) a Solid Growth Stock? 3 Reasons to Think "" Yes """,False,False
still,1085,These 3 Stocks Are Still Ridiculously Cheap Right Now,3 Stocks You Can Still Buy on Sale in a Ridiculously Expensive Market,False,False
focus,1083,Merck Q4 Earnings Preview: Keytruda And Gardasil In Focus,Top Dividend Stocks To Buy In 2021? 3 In Focus,False,False
rally,1065,Biotech Stock Rally Is Crushing Short Sellers,Despite A 65% Rally AbbVie Stock Looks Like It Can Gain More,False,True
investment,1056,Fitch Ratings Says Impeachment Trial Won't Hurt Healthcare Investment in 2020,"The Zacks Analyst Blog Highlights: Macy's, AbbVie, Pfizer and New Residential Investment",False,False
recommendation,1055,Morgan Stanley Maintains AbbVie (ABBV) Overweight Recommendation,Guggenheim Maintains Abbvie (ABBV) Buy Recommendation,False,False
investing,1051,Investing in These Stocks Now Could Make You a Millionaire Retiree,3 Investing Strategies to Grow Your Money Like Magic,False,False
general,1037,"Westhampton Capital, LLC Buys General Dynamics Corp, Truist Financial Corp, Qualcomm Inc, Sells ...","Farallon Capital Management Llc Buys Centene Corp, IQVIA Holdings Inc, General Dynamics Corp, ...",False,False
sources,1034,EXCLUSIVE-AbbVie in talks to sell $5 bln women's drugs portfolio - sources,EXCLUSIVE-AbbVie in talks to sell $5 bln women's drugs portfolio -sources,False,False
outflows,1028,"Noteworthy ETF Outflows: IWF, ABBV, COST, NKE","IWM, RNDV: Big ETF Outflows",False,True
wfc,1021,"IWB, CRM, ABBV, WFC: Large Outflows Detected at ETF","IVV, ABT, QCOM, WFC: Large Outflows Detected at ETF",False,False
ceo,1018,From JP Morgan Healthcare Conference: AbbVie CEO Sees Humira Continuing To Grow In US Through The Time It Loses Market Exclusivity,From JP Morgan Healthcare Conference: AbbVie CEO Sees 7-8 US Competitors To Humira In 2023,False,False
stocks-futures,1013,"US STOCKS-Futures rise on earnings optimism, Disney climbs on revamp plan",US STOCKS-Futures down ahead of Powell's speech on monetary policy,False,False
fall,984,Will the COVID Vaccine Companies Fall off the Patent Cliff?,Should You Buy AbbVie Stock After The Recent 7% Fall?,False,False
devices,984,MIT Researchers Create First Bionic Heart to Test Cardiac Devices,"FDA Approves Abbott's NexGen Gallant ICD, CRT-D Devices - Quick Facts",False,False
capital,975,"Harbour Capital Advisors, LLC Buys Netflix Inc, Neurocrine Biosciences Inc, Digital Realty ...","Krueger & Catalano Capital Partners, LLC Buys Stepan Co, Steris PLC, Adobe Inc, Sells ...",False,False
record,975,"US STOCKS-S&P 500, Dow drop from record levels as coronavirus cases spike","Takeda to record 63 bln yen provision, update Q1 results on Irish tax issue",False,False
validea,973,Validea Peter Lynch Strategy Daily Upgrade Report - 2/25/2020,Validea Peter Lynch Strategy Daily Upgrade Report - 3/10/2020,False,False
sell,971,7 Healthcare Stocks to Buy or Sell As Pricing Pressures Mount,"Allergan To Sell Brazikumab To AstraZeneca, Zenpep To Nestle Under AbbVie Merger",False,True
micro,967,"Top Stock Reports for Alibaba, McDonald's & Advanced Micro Devices","The Zacks Analyst Blog Highlights Alibaba, McDonald, Advanced Micro Devices, Abbott Laboratories, and Vertex Pharmaceuticals",False,False
oxy,965,"Notable Tuesday Option Activity: BIIB, ABT, OXY","S&P 500 Movers: OXY, DXCM",False,False
prices,964,High Drug Prices Remains a Top Issue in Democratic Debates,2 Dividend Stocks Trading at Dirt-Cheap Prices,False,False
revenue,959,Invesco S&P Ultra Dividend Revenue ETF Experiences Big Inflow,AbbVie revenue beats expectations on Humira demand,False,False
dips,954,AbbVie (ABBV) Gains As Market Dips: What You Should Know,AbbVie (ABBV) Dips More Than Broader Markets: What You Should Know,False,False
gas,951,Southwest Gas (SWX) Gains on Investments & Customer Addition,CMS Energy (CMS) Arm Set to Invest $170M in Natural Gas System,False,False
out,941,3 Dividend Stocks to Ride out the Market Volatility,Here's Why Investors Shouldn't Count Out Johnson & Johnson as a Coronavirus Vaccine Stock,False,False
ishares,940,"Lantz Financial LLC Buys Snap-on Inc, Abbott Laboratories, AbbVie Inc, Sells iShares Core ...","Buckley Wealth Management, LLC Buys iShares Intermediate Credit Bond ETF, 'M Co, Trane ...",False,False
occidental,934,"BUZZ-U.S. STOCKS ON THE MOVE-DuPont, Occidental Petroleum, Safe-T Group","BUZZ-U.S. STOCKS ON THE MOVE-DuPont, Occidental Petroleum, Safe-T Group",False,False
make,933,Could This Cancer Drug Developer’s Stock Make You Rich?,5 Ways to Make Your Money Work for You,False,False
blog,933,"The Zacks Analyst Blog Highlights: Macy's, AbbVie, Pfizer and New Residential Investment","The Zacks Analyst Blog Highlights: Procter & Gamble, AbbVie, QUALCOMM, PepsiCo and CME Group",False,False
hours,929,"After Hours Most Active for Jul 31, 2020 : CTL, RUN, AGNC, IAA, MSFT, FE, REXR, HPE, ABBV, QQQ, HBAN, NWL","After Hours Most Active for Oct 1, 2020 : VICI, AAPL, SLB, ABBV, SGMS, MSFT, HST, MNST, APA, RUN, GE, VZ",False,False
group,928,"Spirit Of America Management Corp Buys Hess Midstream Operations LP, Blackstone Group Inc, TC ...","The Zacks Analyst Blog Highlights: Procter & Gamble, AbbVie, QUALCOMM, PepsiCo and CME Group",False,False
pre-market,928,"Pre-Market Earnings Report for July 31, 2020 : MRK, XOM, CVX, ABBV, CHTR, CAT, D, CL, ITW, AON, LHX, IDXX","Pre-Market Earnings Report for October 30, 2020 : ABBV, XOM, CVX, CHTR, HON, MO, CL, AON, LHX, PEG, LYB, WY",False,False
analysts,923,Analysts Predict 34% Upside For TOK,Analysts See 15% Gains Ahead For EQWL,False,False
several,923,"Shares of several healthcare companies are trading higher amid market strength. NOTE: The coronavirus pandemic has potentially benefited the sector due to demand for medical supplies, testing and treatment candidates","Shares of several healthcare companies are trading lower with the overall market on continued downward momentum after oil prices fell to historic lows, partially stemming from weak demand caused by the coronavirus pandemic.",False,False
hit,917,Moderna Short Sellers Take $450M Hit Following Coronavirus Vaccine Data,Analysts Expect FXH To Hit $98,False,False
inflows,916,"NOBL, TGT, ABBV, ADM: Large Inflows Detected at ETF","Noteworthy ETF Inflows: VTV, HON, ABBV, GE",False,True
economic,916,5 Biopharmaceutical Stocks To Watch Amidst Global Economic Growth Concerns,Stocks Rally as Economic News Shows a Resilient U.S. Economy,False,False
cop,913,"QUAL, COP, ATO, ADBE: Large Inflows Detected at ETF","Noteworthy ETF Outflows: HDV, WMB, COP, AEP",False,False
qcom,895,"ACWI, PEP, ABBV, QCOM: ETF Inflow Alert","Notable Friday Option Activity: ABBV, DE, QCOM",False,False
billion,892,AbbVie Signs $3.9 Billion Oncology Deal with Genmab,Why AbbVie Just Made a $1.8 Billion Gene Therapy Deal,False,False
beats,879,"AbbVie Q4 EPS $2.21 Beats $2.19 Estimate, Sales $8.704B Beat $8.7B Estimate","J&J (JNJ) Beats on Q1 Earnings, Cuts View on Coronavirus Impact",False,True
cmcsa,871,"IVW, QCOM, ABBV, CMCSA: Large Outflows Detected at ETF","Pre-Market Earnings Report for July 27, 2023 : MA, ABBV, MCD, LIN, CMCSA, HON, SPGI, BMY, AMT, HCA, BSX, NOC",False,False
coca-cola,868,3 Dividend Stocks That Pay You Better Than Coca-Cola Does,"Zacks Investment Ideas feature highlights: Coca-Cola Company, AbbVie and Exxon Mobil",False,False
business,859,AbbVie To Create New Global Business Upon Completion Of Allergan Acquisition,Johnson & Johnson's Diversified Business Serves It Well in Uncertain Times,False,False
moves,859,S&P 500 Analyst Moves: ABBV,S&P 500 Analyst Moves: ABBV,False,False
put,857,Interesting ABBV Put And Call Options For May 28th,Interesting ABBV Put And Call Options For June 18th,False,False
etfs,843,The Best Large-Cap ETFs to Buy in 2020,Best ETFs for 2020: The AdvisorShares Vice ETF Bets Big on Booze,False,False
outlook,840,AbbVie Issues FY20 Outlook - Quick Facts,AbbVie Raises FY20 Adj. EPS Outlook; Boosts Dividend 10.2% - Quick Facts,False,False
futures,840,"US STOCKS-S&P, Dow futures retreat as coronavirus cases spike","S&P Futures Climb Ahead of Key U.S. Inflation Data, Intel Surges on Upbeat Earnings",False,False
off,836,Myovant Squares Off with AbbVie On Endometriosis Treatment,Drugmakers kick off 2021 with 500 U.S. price hikes,False,False
mobil,835,"Zacks Investment Ideas feature highlights: Coca-Cola Company, AbbVie and Exxon Mobil","The Zacks Analyst Blog Highlights AbbVie, Exxon Mobil, Kontoor Brands, Select Water Solutions and Macatawa Bank",False,False
conference,834,2020 J.P. Morgan Healthcare Conference Roundup,From JP Morgan Healthcare Conference: AbbVie CEO Sees Humira Continuing To Grow In US Through The Time It Loses Market Exclusivity,False,False
petroleum,823,"BUZZ-U.S. STOCKS ON THE MOVE-DuPont, Occidental Petroleum, Safe-T Group","BUZZ-U.S. STOCKS ON THE MOVE-Whiting Petroleum, Medigus, Pluristem Therapeutics",False,False
back,805,Market Breaks Above 200-DMA - Is The Bull Back?,"US STOCKS-Microsoft brings S&P 500, Nasdaq back into record territory",False,False
yield,801,5 Total Yield Dividend Stocks That Offer Attractive Returns,"UPDATE: Morgan Stanley On Abbvie Notes 'This is an earnings and multiple call, and we see a positive risk-reward skew given ABBV's 5.6% dividend yield'",False,True
raises,797,"Mizuho Maintains Buy on AbbVie, Raises Price Target to $104","Cowen & Co. Maintains Outperform on AbbVie, Raises Price Target to $105",False,True
available,795,March 13th Options Now Available For AbbVie (ABBV),April 9th Options Now Available For AbbVie (ABBV),False,False
power,789,Abbott raises annual profit view as COVID-19 tests power growth,"Pearl River Capital, LLC Buys American Electric Power Co Inc, Goldman Sachs Group Inc, ...",False,False
key,788,5 Key Things Investors Should Look Forward to With AbbVie in 2020,AbbVie Announces RINVOQ Met Primary And Key Secondary Endpoints In Phase 3 Study In Psoriatic Arthritis,False,False
mmm,788,"Noteworthy Friday Option Activity: MMM, CI, ABBV","Notable Wednesday Option Activity: ADBE, MMM, ALGN",False,False
streaming,784,Logitech (LOGI) Introduces Litra Glow Premium Streaming Light,"Forget Netflix: These 2 ""Streaming"" Stocks Pay Dividends Set to Soar",False,False
bear,782,3 Dividend Stocks Ideal for Retirees With Money To Invest In The Bear Market,"Agilysys, Manpower, Eli Lilly and Company, Innoviva and AbbVie highlighted as Zacks Bull and Bear of the Day",False,False
see,780,Analysts See 15% Gains Ahead For EQWL,"UPDATE: Morgan Stanley On Abbvie Notes 'This is an earnings and multiple call, and we see a positive risk-reward skew given ABBV's 5.6% dividend yield'",False,False
yields,779,3 Coronavirus Stocks With the Highest Dividend Yields,3 Top Dividend Stocks With Yields Over 5%,False,True
potential,778,AbbVie to Test HIV Drug as a Potential Coronavirus Treatment,AstraZeneca contacted Gilead over potential megamerger -Bloomberg News,False,False
sbux,778,"Nasdaq 100 Movers: SBUX, CERN","TQQQ, GOOGL, ADBE, SBUX: ETF Outflow Alert",False,False
dip,773,"Moderna Will Rebound, But Wait for a Dip Lower to Buy Shares",8 Strong Uptrend Stocks to Buy on the Next Dip,False,False
drug,768,AbbVie's Rheumatoid Arthritis Drug Receives Approval from Health Canada,High Drug Prices Remains a Top Issue in Democratic Debates,False,False
retail,768,Retail REITs Are on Fire,"Retail Trends, a Commodity to Watch, and Gift-Giving Tips",False,False
rate,765,Progenity Has Seven Quarters Left to Reverse Its Burn Rate,UK pharma body urges govt to scrap hike in repayment rate for drugmakers,False,False
despite,756,Biogen (BIIB) Stock Down Despite Q1 Earnings & Sales Beat,"Despite Buffett Bullishness, Stock Markets Are Falling",False,False
sciences,754,Gilead Sciences Looks Ready to Outpace AbbVie,Better Buy: AbbVie vs. Gilead Sciences,False,False
services,752,"Annex Advisory Services, LLC Buys ProShares Short S&P5……, PIMCO Enhanced Short Maturity ...","Smith Chas P & Associates Pa Cpas Buys Visa Inc, Starbucks Corp, PNC Financial Services ...",False,False
t-mobile,749,"Top Stock Reports for Abbott Laboratories, T-Mobile & Intuit","The Zacks Analyst Blog Highlights Abbott, T-Mobile US, Intuit, Analog Devices and The Progressive",False,False
healthcare,745,7 Healthcare Stocks to Buy or Sell As Pricing Pressures Mount,2020 J.P. Morgan Healthcare Conference Roundup,False,False
bull,739,"Agilysys, Manpower, Eli Lilly and Company, Innoviva and AbbVie highlighted as Zacks Bull and Bear of the Day",What's Next For The Biotech Bull Market? Are you a Trader or an Investor?,False,False
detailed,738,Validea Detailed Fundamental Analysis - ABBV,Validea Detailed Fundamental Analysis - ABBV,False,False
gild,726,Gilead (GILD) Announces Positive Long-Term Results on Descovy,Gilead (GILD) to Report Q4 Earnings: Is a Beat in the Cards?,False,False
investor,725,What's Next For The Biotech Bull Market? Are you a Trader or an Investor?,Here's How a New Investor Started Her Portfolio With Just 10 Top Stocks,False,False
beyond,724,"Beyond the Growing Dividend, Abbvie Stock Is a Good Buy Here","BUZZ-U.S. STOCKS ON THE MOVE-GM, Axcella, Beyond Meat, SmileDirect",False,False
nee,724,"Notable ETF Inflow Detected - ESGU, NEE, CRM, ABBV","Pre-Market Earnings Report for October 28, 2022 : XOM, CVX, ABBV, NEE, SNY, CL, AON, CHTR, IMO, GWW, LYB, CHD",False,False
upside,723,Analysts Predict 34% Upside For TOK,Vertex Is Positioned For Upside,False,False
ipo,716,"If You Invested $5,000 in AbbVie IPO, This Is How Much Money You'd Have Now",Meet the Pharma Company That Just Had a Bigger IPO Than Moderna's,False,False
nextera,715,"Cohen Lawrence B Buys American Tower Corp, NextEra Energy Inc, Bristol-Myers Squibb Company, ...","Top Research Reports for AbbVie, NextEra Energy & ConocoPhillips",False,False
service,709,"MinichMacGregor Wealth Management, LLC Buys United Parcel Service Inc, iShares –-' Year ...","Cypress Asset Management Inc Buys Verizon Communications Inc, United Parcel Service Inc, ...",False,False
look,706,5 Key Things Investors Should Look Forward to With AbbVie in 2020,3 Healthcare Companies Worth a Look,False,False
ex-dividend,705,"Ex-Dividend Reminder: AbbVie, Allergan and Abbott Laboratories","Ex-Dividend Reminder: AbbVie, American Financial Group and Pennymac Mortgage Investment Trust",False,False
amgen,705,"Amgen (AMGN) Q1 Earnings Top, to Study Otezla for Coronavirus","CNB Bank Buys Truist Financial Corp, AbbVie Inc, Amgen Inc, Sells FlexShares Global Upstream ...",False,False
industry,692,AbbVie Stock Is a Winner in the Pharmaceutical Industry,"Zacks Industry Outlook Highlights: Roche, Pfizer, AbbVie and Merck",False,False
trade,691,AbbVie and Allergan Sign Consent Decree Agreement with Federal Trade Commission Staff on ...,"Trade Alert: The Independent Director Of AbbVie Inc. (NYSE:ABBV), Roxanne Austin, Has Sold Some Shares Recently",False,False
walt,690,"DZ BANK AG Deutsche Zentral Genossenschafts Bank, Buys Bank of America Corp, The Walt Disney ...","Grisanti Capital Management LLC Buys Comcast Corp, Visa Inc, The Home Depot Inc, Sells The Walt ...",False,False
caterpillar,685,"US STOCKS-Apple, Amazon knock S&P 500, Nasdaq off record peak; Caterpillar lifts Dow","The Zacks Analyst Blog Highlights AbbVie PepsiCo, The Walt Disney, Caterpillar and PBF Energy",False,False
experiences,681,Invesco S&P Ultra Dividend Revenue ETF Experiences Big Inflow,iShares Edge MSCI USA Momentum Factor ETF Experiences Big Outflow,False,False
begin,680,ABBV May 8th Options Begin Trading,S.Korea's Celltrion to begin commercial production of COVID-19 antibody drug,False,False
rebound,679,"Moderna Will Rebound, But Wait for a Dip Lower to Buy Shares",AbbVie Shares Rebound From Session Low As CEO Recently Spoke With Jim Cramer On CNBC's Squawk Street,False,True
management,679,"Spirit Of America Management Corp Buys Hess Midstream Operations LP, Blackstone Group Inc, TC ...","Foundation Resource Management Inc Buys ViacomCBS Inc, The Kraft Heinz Co, AbbVie Inc, Sells ...",False,False
nyse,676,How is Abbvie Inc (NYSE: ABBV) Preparing For Life After Humira?,AbbVie Inc. (NYSE:ABBV) Will Pay A US$1.30 Dividend In Four Days,False,False
facts,675,AbbVie Reports CHMP Positive Opinion For VENCLYXTO - Quick Facts,AbbVie Issues FY20 Outlook - Quick Facts,False,False
expect,673,Analysts Expect FXH To Hit $98,3 Things to Expect From Berkshire Hathaway in 2021,False,False
stocks-s,673,"US STOCKS-S&P 500, Dow drop from record levels as coronavirus cases spike","US STOCKS-S&P, Dow futures retreat as coronavirus cases spike",False,False
corporation,672,"Why Royal Caribbean, Carnival Corporation, and Norwegian Cruise Line Stocks All Just Popped 5% (and More)","Convergence Investment Partners, LLC Buys State Street Corporation, Goldman Sachs Group Inc, ...",False,False
health,664,AbbVie: Health Canada Approves RINVOQ For Treatment Of Rheumatoid Arthritis,AbbVie's Rheumatoid Arthritis Drug Receives Approval from Health Canada,False,False
highs,662,Royalty Pharma Stock Is Likely to Reach New Highs in the Coming Years,3 Bargain Stocks to Buy With the Market Near All-Time Highs,False,False
conocophillips,660,"Top Research Reports for AbbVie, NextEra Energy & ConocoPhillips","The Zacks Analyst Blog Highlights AbbVie, NextEra Energy, ConocoPhillips, Canadian Pacific Railway and Intercontinental Exchange",False,False
plans,657,Merck’s Spinoff Plans Place a Big Bet on Cancer-Fighting Keytruda,"Pfizer Plans Coronavirus Therapy, Progresses With Tanezumab BLA",False,False
ends,652,Wall Street Ends in the Red on Tuesday,"US STOCKS-Wall Street ends lower, weighed down by Apple",False,False
need,649,2 Charts Big Pharma Investors Need to Understand,7 Best Value Stocks to Buy if You Need Some Market Stability in Your Life ,False,False
utilities,648,"CHURCHILL MANAGEMENT Corp Buys SPDR Select Sector Fund - Utilities, SPDR Select Sector Fund - ...","Aldebaran Financial Inc. Buys SPDR Portfolio Developed World ex-US, Essential Utilities Inc, ...",False,False
season,638,Is a Beat Likely for AbbVie (ABBV) This Earnings Season?,Why AbbVie (ABBV) Might Surprise This Earnings Season,False,False
realty,636,"Harbour Capital Advisors, LLC Buys Netflix Inc, Neurocrine Biosciences Inc, Digital Realty ...","BUZZ-U.S. STOCKS ON THE MOVE-Zovio, Tyson Foods, Mack-Cali Realty, Xerox",False,False
long-term,635,Gilead (GILD) Announces Positive Long-Term Results on Descovy,"AbbVie's : Long-term Results Show RINVOQ Improves Signs, Symptoms On Rheumatoid Arthritis",False,False
holdings,626,Insiders Buy the Holdings of DHS ETF,Insiders Buy the Holdings of DEW ETF,False,False
microsoft,624,"Peloton Wealth Strategists Buys Microsoft Corp, Intuitive Surgical Inc, WestRock Co, Sells ...",US STOCKS-Wall Street recovers from early lows on Microsoft boost,False,False
tesla,623,"BUZZ-U.S. STOCKS ON THE MOVE-Microsoft Corp, Tesla Inc","BUZZ-U.S. STOCKS ON THE MOVE-Apple Inc, Tesla Inc, PolyMet Mining Corp, Seelos Therapeutics",False,False
unusual,621,Monday's ETF with Unusual Volume: PJP,Tuesday's ETF with Unusual Volume: PPH,False,False
pandemic,621,Weekly Biotech Update After WHO Declares Coronavirus a Pandemic,"Shares of several healthcare companies are trading higher amid market strength. NOTE: The coronavirus pandemic has potentially benefited the sector due to demand for medical supplies, testing and treatment candidates",False,False
some,620,U.N. agency says coronavirus emergency could trump some patent rights,Bristol Myers Squibb Just Got Some Great Regulatory News,False,False
get,612,"Botox, Keytruda Get FDA Approval For New Uses, BVXV Abuzz, First Droopy Eyelid Treatment Is Here",Merck Is a Dividend Play Ready to Get Back in Gear,False,False
mixed,606,Here's What Caused Royalty Pharma's Mixed Results in Q4,"Dividends for Stability, Safety in a Mixed Market",False,False
latest,600,Dividend Aristocrat AbbVie Declares Its Latest Payout; Yield Is 5.3%,How Big Is Bristol Myers Squibb's Latest FDA Approval?,False,False
fda,599,FDA Approves Emergency Use of Coronavirus Test,"Pharma Stock Roundup: Trump, Pharma Executives Meeting on Coronavirus, FDA Updates",False,False
forever,597,3 Stocks You Can Keep Forever,2 Stocks I'll Hold Forever,False,False
dividends,595,3 Healthcare Stocks With Solid Dividends to Hold Through Bumpy Times,3 Stocks With Dividends Yielding More Than 3%,False,True
moving,595,ABBV Crosses Above Key Moving Average Level,AbbVie Breaks Above 200-Day Moving Average - Bullish for ABBV,False,False
mln,594,Abbvie partners with Genmab in $750 mln cancer therapy deal,Japan's Sosei Group signs $377 mln drug discovery deal with Abbvie,False,False
duk,594,"Pre-Market Earnings Report for February 9, 2023 : ABBV, PEP, AZN, PM, SPGI, DUK, BN, TRI, APO, HLT, TU, WTW","Notable ETF Inflow Detected - IDU, DUK, D, AEP",False,False
close,593,"AbbVie, Allergan Receive Final Europan Approval To Close Deal",AbbVie and Allergan Receive Final European Approval to Close Pending Transaction,False,False
rises,589,AbbVie (ABBV) Jumps: Stock Rises 8.6%,"AbbVie Rises on Q1 Beats, Raised EPS Guidance",False,False
stimulus,587,Coronavirus Stimulus Checks: Top Stocks To Buy Now,3 Stocks That'll Turn Your $600 Stimulus Check Into a Money Machine,False,False
electronic,585,"BUZZ-U.S. STOCKS ON THE MOVE-Microsoft Corp, Beyond Meat Inc, Peloton Interactive Inc, Electronic Arts Inc",OSI (OSIS) Wins $35-Million Electronic Assemblies Contract,False,False
llc,584,"Harbour Capital Advisors, LLC Buys Netflix Inc, Neurocrine Biosciences Inc, Digital Realty ...","Verity & Verity, LLC Buys Truist Financial Corp, Gilead Sciences Inc, JM Smucker Co, Sells ...",False,False
peter,583,Validea Peter Lynch Strategy Daily Upgrade Report - 2/25/2020,Validea Peter Lynch Strategy Daily Upgrade Report - 3/10/2020,False,False
vaccine,581,Inovio’s Surge on a Coronavirus Vaccine Was Just Speculation,Top-Notch Vaccine Technology Makes iBio Stock a Smart Bet,False,False
cheap,581,5 Healthcare Stocks That Are Profitable but Also Cheap,AbbVie Is Cheap and Pays an Attractive Yield,False,False
arts,581,"BUZZ-U.S. STOCKS ON THE MOVE-Microsoft Corp, Beyond Meat Inc, Peloton Interactive Inc, Electronic Arts Inc","BUZZ-U.S. STOCKS ON THE MOVE-Microsoft Corp, Beyond Meat Inc, Peloton Interactive Inc, Electronic Arts Inc",False,False
all,580,Abbvie's SKYRIZI Met Barth Primary And All Ranked Secondary Endpoints In Phase 3 Study,"Here Are All the Companies Working on COVID-19 Vaccines, Treatments, and Testing",False,False
max,579,Abbott's (ABT) Epic Max Tissue Valve Receives FDA Approval,"Boeing, FAA Reportedly Review Wiring Issue On 737 MAX",False,False
falls,577,Wall St Week Ahead-Spotlight falls on 'dividend aristocrats' after market tumult,Wall St Week Ahead-Spotlight falls on 'dividend aristocrats' after market tumult,False,False
bac,577,"Notable Friday Option Activity: PENN, ABBV, BAC","SPLG, BRK.B, ABBV, BAC: ETF Inflow Alert",False,False
lynch,574,Validea Peter Lynch Strategy Daily Upgrade Report - 2/25/2020,Validea Peter Lynch Strategy Daily Upgrade Report - 3/10/2020,False,False
take,573,Moderna Short Sellers Take $450M Hit Following Coronavirus Vaccine Data,"Here's How Long It Could Realistically Take to Turn $25,000 Into $1 Million",False,False
sells,568,"Foundation Resource Management Inc Buys ViacomCBS Inc, The Kraft Heinz Co, AbbVie Inc, Sells ...","Verity & Verity, LLC Buys Truist Financial Corp, Gilead Sciences Inc, JM Smucker Co, Sells ...",False,True
retirement,563,"Simple Secrets Anyone Can Use to Reach Early Retirement - March 16, 2020","How Trading Your Own Retirement Can Fleece Your Financial Future - March 17, 2020",False,False
continue,562,AbbVie (ABBV) Up 1.9% Since Last Earnings Report: Can It Continue?,Will This Biopharma Company Continue to Crush It?,False,False
sees,556,From JP Morgan Healthcare Conference: AbbVie CEO Sees Humira Continuing To Grow In US Through The Time It Loses Market Exclusivity,From JP Morgan Healthcare Conference: AbbVie CEO Sees 7-8 US Competitors To Humira In 2023,False,False
exxonmobil,556,"Zacks Earnings Trends Highlights: Adobe, FedEx, Nike, ExxonMobil and Boeing",ExxonMobil Booted From Dow Jones Industrial Average,False,False
talks,555,EXCLUSIVE-AbbVie in talks to sell $5 bln women's drugs portfolio - sources,EXCLUSIVE-AbbVie in talks to sell $5 bln women's drugs portfolio -sources,False,False
biotech,550,2 Dividend-Paying Biotech Stocks Worth Owning in 2020,Weekly Biotech Update After WHO Declares Coronavirus a Pandemic,False,False
since,549,AbbVie (ABBV) Up 1.9% Since Last Earnings Report: Can It Continue?,US Stocks Post Best Month Since 1987,False,False
tmus,544,"QLD, ADBE, TMUS, ADP: ETF Outflow Alert","Notable Wednesday Option Activity: FMC, TMUS, ADBE",False,False
